sale_id,retailer_id,product_id,sale_date,quantity_sold,unit_selling_price,gross_sale_value,discount_amount,net_sale_value,promotion_id,payment_method,distribution_channel,invoice_number
12,3335,153,2025-02-19,140,25.0,3500.0,0.0,3500.0,,Bank Transfer,General Trade,INV-966694-2010
28,3415,151,2025-02-19,24,199.0,4776.0,0.0,4776.0,,UPI,General Trade,INV-536797-3150
44,3391,118,2025-02-11,1910,195.0,372450.0,0.0,372450.0,,Cash,Modern Trade,INV-747939-7109
169,3098,109,2025-02-21,1964,190.0,373160.0,0.0,373160.0,,Bank Transfer,Modern Trade,INV-798624-5706
171,3019,111,2025-02-23,1445,450.0,650250.0,0.0,650250.0,,Bank Transfer,Wholesale Distributor,INV-031033-4881
214,3110,109,2025-02-09,1661,190.0,315590.0,0.0,315590.0,,Cheque,Modern Trade,INV-695310-5576
297,3349,147,2025-02-22,1120,280.0,313600.0,0.0,313600.0,,Credit,Modern Trade,INV-631679-1628
311,3091,158,2025-02-08,174,30.0,5220.0,0.0,5220.0,,UPI,General Trade,INV-135638-1722
334,3456,152,2025-02-27,1550,255.0,395250.0,0.0,395250.0,,Cheque,Modern Trade,INV-641560-1603
345,3160,149,2025-02-24,1827,150.0,274050.0,0.0,274050.0,,Credit,Modern Trade,INV-623933-8505
349,3351,142,2025-02-07,1945,88.91,184775.0,11844.08,172930.92,504.0,UPI,Modern Trade,INV-661023-2617
381,3415,143,2025-02-10,133,120.0,15960.0,0.0,15960.0,,Bank Transfer,General Trade,INV-138304-6023
398,3104,156,2025-02-08,970,220.0,213400.0,0.0,213400.0,,Bank Transfer,Modern Trade,INV-273815-1685
405,3255,132,2025-02-14,1985,90.0,178650.0,0.0,178650.0,,Cheque,Modern Trade,INV-998741-2132
419,3127,108,2025-02-13,328,160.0,52480.0,0.0,52480.0,,Credit,Wholesale Distributor,INV-966552-7328
445,3170,133,2025-02-10,2937,180.0,528660.0,0.0,528660.0,,Credit,Wholesale Distributor,INV-416390-8532
475,3109,137,2025-02-22,230,95.0,21850.0,0.0,21850.0,,Cash,Modern Trade,INV-834285-8418
568,3024,159,2025-02-11,80,35.0,2800.0,0.0,2800.0,,Bank Transfer,General Trade,INV-413366-0820
570,3077,108,2025-02-13,574,160.0,91840.0,0.0,91840.0,,Cheque,E-commerce,INV-561382-8252
603,3316,156,2025-02-08,1137,220.0,250140.0,0.0,250140.0,,Cheque,Modern Trade,INV-233792-3609
650,3182,152,2025-02-05,49,255.0,12495.0,0.0,12495.0,,UPI,Modern Trade,INV-098938-4024
659,3437,118,2025-02-16,47,195.0,9165.0,0.0,9165.0,,Cheque,General Trade,INV-958248-6179
672,3005,137,2025-02-15,1789,95.0,169955.0,0.0,169955.0,,Credit,Modern Trade,INV-938744-3326
675,3363,139,2025-02-05,710,40.0,28400.0,0.0,28400.0,,UPI,E-commerce,INV-357686-0027
710,3402,149,2025-02-12,30,150.0,4500.0,0.0,4500.0,,Cash,General Trade,INV-228273-0105
720,3188,121,2025-02-01,2812,160.0,449920.0,0.0,449920.0,,Bank Transfer,Wholesale Distributor,INV-129948-2884
725,3359,143,2025-02-17,30,120.0,3600.0,0.0,3600.0,,Cash,General Trade,INV-223882-2016
785,3155,138,2025-02-17,1034,120.0,124080.0,0.0,124080.0,,Bank Transfer,Modern Trade,INV-231561-6623
866,3148,139,2025-02-20,1526,40.0,61040.0,0.0,61040.0,,Bank Transfer,Modern Trade,INV-559591-3862
878,3121,106,2025-02-28,39,55.0,2145.0,0.0,2145.0,,Bank Transfer,Modern Trade,INV-468104-3189
886,3399,132,2025-02-23,646,90.0,58140.0,0.0,58140.0,,Bank Transfer,Modern Trade,INV-295803-6322
899,3125,159,2025-02-10,1681,35.0,58835.0,0.0,58835.0,,UPI,Modern Trade,INV-907120-8169
928,3254,126,2025-02-14,80,650.0,52000.0,0.0,52000.0,,Credit,Modern Trade,INV-539852-4129
932,3002,137,2025-02-09,148,95.0,14060.0,0.0,14060.0,,Credit,Modern Trade,INV-755839-6971
972,3446,104,2025-02-19,460,18.0,8280.0,0.0,8280.0,,Bank Transfer,Wholesale Distributor,INV-659707-5415
974,3078,131,2025-02-09,164,170.0,27880.0,0.0,27880.0,,Credit,General Trade,INV-328512-5842
1065,3050,157,2025-02-27,1114,30.0,33420.0,0.0,33420.0,,Credit,Modern Trade,INV-109961-3216
1085,3222,124,2025-02-15,138,180.0,24840.0,0.0,24840.0,,Cash,General Trade,INV-105401-5199
1198,3294,105,2025-02-02,80,35.0,2800.0,0.0,2800.0,,UPI,General Trade,INV-170196-5401
1276,3288,129,2025-02-07,20,50.0,1000.0,0.0,1000.0,,Bank Transfer,General Trade,INV-818722-6467
1297,3321,107,2025-02-08,26,120.0,3120.0,0.0,3120.0,,Cheque,General Trade,INV-698074-8931
1313,3239,153,2025-02-23,429,25.0,10725.0,0.0,10725.0,,Bank Transfer,General Trade,INV-732398-2434
1328,3165,106,2025-02-07,1251,55.0,68805.0,0.0,68805.0,,UPI,Modern Trade,INV-841622-7269
1349,3124,125,2025-02-05,172,350.0,60200.0,0.0,60200.0,,Cheque,General Trade,INV-185069-9506
1353,3349,146,2025-02-06,1171,260.0,304460.0,0.0,304460.0,,Bank Transfer,Modern Trade,INV-198907-0283
1378,3460,157,2025-02-05,141,30.0,4230.0,0.0,4230.0,,Credit,General Trade,INV-171886-9691
1381,3107,151,2025-02-07,414,199.0,82386.0,0.0,82386.0,,UPI,E-commerce,INV-190816-1332
1410,3342,137,2025-02-25,2533,95.0,240635.0,0.0,240635.0,,Cash,Wholesale Distributor,INV-145249-9693
1426,3420,120,2025-02-26,1072,20.0,21440.0,0.0,21440.0,,Cash,Modern Trade,INV-164878-3853
1441,3022,118,2025-02-27,1448,195.0,282360.0,0.0,282360.0,,Cash,Modern Trade,INV-905969-3214
1470,3334,148,2025-02-16,108,190.0,20520.0,0.0,20520.0,,Bank Transfer,General Trade,INV-280824-6644
1498,3185,107,2025-02-28,295,120.0,35400.0,0.0,35400.0,,Credit,Modern Trade,INV-489361-9918
1589,3354,119,2025-02-17,515,180.0,92700.0,0.0,92700.0,,Cash,Modern Trade,INV-475848-8657
1600,3213,107,2025-02-08,144,120.0,17280.0,0.0,17280.0,,Credit,Modern Trade,INV-662143-6131
1768,3152,119,2025-02-03,479,180.0,86220.0,0.0,86220.0,,Credit,E-commerce,INV-151525-6186
1808,3080,138,2025-02-01,60,120.0,7200.0,0.0,7200.0,,Cash,General Trade,INV-582994-1270
1833,3461,158,2025-02-10,466,30.0,13980.0,0.0,13980.0,,Cash,General Trade,INV-762125-3899
1852,3341,112,2025-02-15,135,205.0,27675.0,0.0,27675.0,,Cash,General Trade,INV-453261-4603
1878,3233,114,2025-02-09,136,10.0,1360.0,0.0,1360.0,,Cash,General Trade,INV-476484-5547
1912,3236,104,2025-02-15,1499,18.0,26982.0,0.0,26982.0,,Cash,Modern Trade,INV-966540-8591
1951,3371,134,2025-02-02,703,290.0,203870.0,0.0,203870.0,,UPI,E-commerce,INV-291618-7945
1965,3001,156,2025-02-12,750,220.0,165000.0,0.0,165000.0,,Bank Transfer,Modern Trade,INV-323829-4171
1991,3215,161,2025-02-03,1817,80.0,145360.0,0.0,145360.0,,Cheque,Modern Trade,INV-318343-0622
1995,3361,142,2025-02-03,183,88.91,17385.0,1114.38,16270.62,504.0,Cash,General Trade,INV-451952-4335
2051,3346,120,2025-02-19,141,20.0,2820.0,0.0,2820.0,,Cheque,General Trade,INV-544093-7666
2092,3300,136,2025-02-09,1072,40.0,42880.0,0.0,42880.0,,Cheque,Wholesale Distributor,INV-770027-2293
2104,3262,128,2025-02-17,231,398.0,91938.0,0.0,91938.0,,Cash,Wholesale Distributor,INV-777677-9310
2199,3241,154,2025-02-07,1031,100.0,103100.0,0.0,103100.0,,Cash,Modern Trade,INV-406539-2441
2261,3140,138,2025-02-12,798,120.0,95760.0,0.0,95760.0,,UPI,Modern Trade,INV-829594-9877
2327,3097,161,2025-02-12,1339,80.0,107120.0,0.0,107120.0,,Credit,Modern Trade,INV-687540-7460
2434,3285,142,2025-02-28,1475,88.91,140125.0,8982.01,131142.99,504.0,Bank Transfer,Wholesale Distributor,INV-469655-6211
2462,3148,102,2025-02-18,1434,8.0,11472.0,0.0,11472.0,,Bank Transfer,Modern Trade,INV-107693-7652
2478,3259,136,2025-02-08,1272,40.0,50880.0,0.0,50880.0,,Cash,E-commerce,INV-442645-3159
2550,3314,113,2025-02-28,509,210.0,106890.0,0.0,106890.0,,Cash,E-commerce,INV-154309-9416
2651,3064,146,2025-02-18,120,260.0,31200.0,0.0,31200.0,,Bank Transfer,General Trade,INV-438563-1344
2661,3160,153,2025-02-01,1367,25.0,34175.0,0.0,34175.0,,Cheque,Modern Trade,INV-999088-8027
2675,3358,132,2025-02-04,2652,90.0,238680.0,0.0,238680.0,,Cheque,Wholesale Distributor,INV-496278-9996
2678,3075,103,2025-02-11,1371,12.0,16452.0,0.0,16452.0,,UPI,Modern Trade,INV-346506-8582
2690,3172,121,2025-02-03,2729,160.0,436640.0,0.0,436640.0,,Credit,Wholesale Distributor,INV-503554-0344
2692,3261,136,2025-02-22,1680,40.0,67200.0,0.0,67200.0,,Cheque,Modern Trade,INV-714680-7741
2705,3078,115,2025-02-02,437,20.0,8740.0,0.0,8740.0,,Cheque,General Trade,INV-348478-1612
2817,3379,152,2025-02-23,96,255.0,24480.0,0.0,24480.0,,Bank Transfer,General Trade,INV-262556-4664
2822,3203,159,2025-02-18,783,35.0,27405.0,0.0,27405.0,,Cash,Modern Trade,INV-186883-9054
2869,3331,121,2025-02-09,1986,160.0,317760.0,0.0,317760.0,,Bank Transfer,Modern Trade,INV-069607-5237
2888,3486,149,2025-02-12,33,150.0,4950.0,0.0,4950.0,,Credit,General Trade,INV-299354-6922
2899,3400,118,2025-02-14,577,195.0,112515.0,0.0,112515.0,,UPI,Wholesale Distributor,INV-459574-0020
2900,3165,101,2025-02-23,979,5.0,4895.0,0.0,4895.0,,Bank Transfer,Modern Trade,INV-343414-1020
2906,3383,127,2025-02-06,189,380.0,71820.0,0.0,71820.0,,UPI,General Trade,INV-287704-2810
2914,3231,119,2025-02-19,1956,180.0,352080.0,0.0,352080.0,,Cheque,Wholesale Distributor,INV-529061-0812
2920,3213,106,2025-02-22,1133,55.0,62315.0,0.0,62315.0,,Cash,Modern Trade,INV-114174-3186
2931,3334,116,2025-02-20,82,75.0,6150.0,0.0,6150.0,,Credit,General Trade,INV-605308-1608
2962,3162,120,2025-02-20,709,20.0,14180.0,0.0,14180.0,,Cheque,Modern Trade,INV-660277-2058
3038,3344,160,2025-02-15,109,45.0,4905.0,0.0,4905.0,,Cheque,General Trade,INV-436989-7994
3048,3203,108,2025-02-11,1034,160.0,165440.0,0.0,165440.0,,UPI,Modern Trade,INV-756132-7382
3099,3427,122,2025-02-01,27,205.0,5535.0,0.0,5535.0,,Cash,General Trade,INV-894461-1731
3123,3296,144,2025-02-01,173,95.94,21625.0,5027.81,16597.19,503.0,Credit,General Trade,INV-004981-5922
3146,3283,146,2025-02-13,131,260.0,34060.0,0.0,34060.0,,Credit,General Trade,INV-357455-6226
3206,3251,139,2025-02-22,155,40.0,6200.0,0.0,6200.0,,Cash,General Trade,INV-808221-6166
3240,3251,104,2025-02-09,135,18.0,2430.0,0.0,2430.0,,Cheque,General Trade,INV-971183-2452
3317,3283,113,2025-02-12,19,210.0,3990.0,0.0,3990.0,,Credit,General Trade,INV-343560-0404
3408,3107,129,2025-02-09,687,50.0,34350.0,0.0,34350.0,,Cheque,E-commerce,INV-668392-9005
3409,3180,159,2025-02-25,1309,35.0,45815.0,0.0,45815.0,,Cheque,Wholesale Distributor,INV-355730-7255
3426,3494,103,2025-02-25,368,12.0,4416.0,0.0,4416.0,,Credit,General Trade,INV-436203-7938
3429,3093,154,2025-02-17,1468,100.0,146800.0,0.0,146800.0,,Cheque,Modern Trade,INV-727886-7335
3438,3003,102,2025-02-11,913,8.0,7304.0,0.0,7304.0,,Bank Transfer,Modern Trade,INV-061866-7826
3467,3130,160,2025-02-26,1786,45.0,80370.0,0.0,80370.0,,Credit,Modern Trade,INV-071346-4330
3541,3209,158,2025-02-19,522,30.0,15660.0,0.0,15660.0,,Cash,E-commerce,INV-920842-1735
3546,3008,121,2025-02-04,1934,160.0,309440.0,0.0,309440.0,,Credit,Modern Trade,INV-992257-6884
3555,3411,139,2025-02-15,76,40.0,3040.0,0.0,3040.0,,Cheque,General Trade,INV-572219-3371
3595,3388,132,2025-02-28,302,90.0,27180.0,0.0,27180.0,,Credit,E-commerce,INV-138785-3864
3597,3377,157,2025-02-10,1816,30.0,54480.0,0.0,54480.0,,UPI,Modern Trade,INV-521607-3027
3605,3337,128,2025-02-07,1795,398.0,714410.0,0.0,714410.0,,UPI,Modern Trade,INV-476657-1353
3614,3257,102,2025-02-27,318,8.0,2544.0,0.0,2544.0,,UPI,General Trade,INV-263893-7470
3621,3268,124,2025-02-11,269,180.0,48420.0,0.0,48420.0,,Credit,E-commerce,INV-117449-9145
3636,3354,134,2025-02-25,239,290.0,69310.0,0.0,69310.0,,Cash,Modern Trade,INV-656739-4520
3686,3171,131,2025-02-28,1554,170.0,264180.0,0.0,264180.0,,Cash,Modern Trade,INV-158359-7287
3729,3397,118,2025-02-09,1860,195.0,362700.0,0.0,362700.0,,Bank Transfer,E-commerce,INV-824698-3930
3783,3174,126,2025-02-13,2857,650.0,1857050.0,0.0,1857050.0,,Cash,Wholesale Distributor,INV-591902-9462
3790,3252,106,2025-02-19,2852,55.0,156860.0,0.0,156860.0,,UPI,Wholesale Distributor,INV-393274-0403
3805,3036,148,2025-02-19,185,190.0,35150.0,0.0,35150.0,,Credit,General Trade,INV-343996-7380
3839,3461,127,2025-02-14,34,380.0,12920.0,0.0,12920.0,,Bank Transfer,General Trade,INV-570899-9070
3845,3246,156,2025-02-11,195,220.0,42900.0,0.0,42900.0,,Cheque,General Trade,INV-153593-5554
3861,3306,138,2025-02-06,1468,120.0,176160.0,0.0,176160.0,,Bank Transfer,E-commerce,INV-176318-3210
3865,3486,138,2025-02-26,15,120.0,1800.0,0.0,1800.0,,Bank Transfer,General Trade,INV-775123-5487
3867,3032,159,2025-02-14,1365,35.0,47775.0,0.0,47775.0,,Cheque,Wholesale Distributor,INV-713816-3927
3927,3484,107,2025-02-22,1237,120.0,148440.0,0.0,148440.0,,Bank Transfer,Modern Trade,INV-730010-1921
3937,3047,133,2025-02-10,665,180.0,119700.0,0.0,119700.0,,Cheque,Modern Trade,INV-725976-6220
3963,3438,160,2025-02-28,144,45.0,6480.0,0.0,6480.0,,UPI,General Trade,INV-415584-9394
3985,3146,110,2025-02-25,1192,280.0,333760.0,0.0,333760.0,,Cash,Modern Trade,INV-269266-8331
4005,3086,108,2025-02-06,11,160.0,1760.0,0.0,1760.0,,Credit,General Trade,INV-896018-0498
4009,3423,141,2025-02-21,942,80.8,89490.0,13378.75,76111.25,516.0,UPI,Modern Trade,INV-613764-3313
4044,3147,101,2025-02-12,1779,5.0,8895.0,0.0,8895.0,,Credit,Wholesale Distributor,INV-230245-6711
4067,3470,117,2025-02-08,165,140.0,23100.0,0.0,23100.0,,Bank Transfer,Modern Trade,INV-582669-4714
4095,3038,158,2025-02-12,793,30.0,23790.0,0.0,23790.0,,Cash,E-commerce,INV-694777-7121
4112,3313,112,2025-02-28,159,205.0,32595.0,0.0,32595.0,,Cash,General Trade,INV-140272-7203
4129,3162,102,2025-02-28,1031,8.0,8248.0,0.0,8248.0,,UPI,Modern Trade,INV-813759-0352
4150,3309,120,2025-02-08,987,20.0,19740.0,0.0,19740.0,,Bank Transfer,Modern Trade,INV-875059-1038
4163,3098,110,2025-02-03,1309,280.0,366520.0,0.0,366520.0,,UPI,Modern Trade,INV-217736-6007
4169,3035,148,2025-02-23,177,190.0,33630.0,0.0,33630.0,,Credit,General Trade,INV-762487-9824
4186,3487,133,2025-02-03,53,180.0,9540.0,0.0,9540.0,,Credit,Modern Trade,INV-224196-2732
4216,3131,153,2025-02-22,1804,25.0,45100.0,0.0,45100.0,,Cheque,Wholesale Distributor,INV-351469-2430
4220,3184,114,2025-02-14,269,10.0,2690.0,0.0,2690.0,,Bank Transfer,General Trade,INV-119351-4028
4256,3087,130,2025-02-02,91,90.0,8190.0,0.0,8190.0,,Cash,General Trade,INV-398331-4981
4257,3164,141,2025-02-08,359,80.8,34105.0,5098.7,29006.3,516.0,Bank Transfer,Modern Trade,INV-774853-9791
4258,3208,128,2025-02-09,2824,398.0,1123952.0,0.0,1123952.0,,Cash,Wholesale Distributor,INV-799514-3048
4265,3311,128,2025-02-07,609,398.0,242382.0,0.0,242382.0,,Credit,Modern Trade,INV-618577-5429
4299,3236,103,2025-02-11,1990,12.0,23880.0,0.0,23880.0,,Cash,Modern Trade,INV-701030-9593
4360,3426,140,2025-02-19,1832,95.0,174040.0,0.0,174040.0,,UPI,Wholesale Distributor,INV-460930-0869
4370,3349,119,2025-02-21,181,180.0,32580.0,0.0,32580.0,,Cheque,Modern Trade,INV-550701-0938
4401,3289,115,2025-02-09,730,20.0,14600.0,0.0,14600.0,,Credit,E-commerce,INV-038910-8663
4498,3140,140,2025-02-01,1049,95.0,99655.0,0.0,99655.0,,Cheque,Modern Trade,INV-331357-7328
4584,3042,139,2025-02-27,42,40.0,1680.0,0.0,1680.0,,UPI,General Trade,INV-504099-4699
4643,3323,121,2025-02-07,832,160.0,133120.0,0.0,133120.0,,UPI,E-commerce,INV-653375-8719
4659,3018,141,2025-02-03,460,80.8,43700.0,6533.15,37166.85,516.0,Cheque,Modern Trade,INV-265574-0336
4665,3069,123,2025-02-24,1180,60.0,70800.0,0.0,70800.0,,Credit,E-commerce,INV-969373-0085
4671,3294,127,2025-02-18,155,380.0,58900.0,0.0,58900.0,,Cheque,General Trade,INV-790000-4888
4754,3063,109,2025-02-11,121,190.0,22990.0,0.0,22990.0,,Cash,General Trade,INV-868090-8290
4765,3052,143,2025-02-20,1878,120.0,225360.0,0.0,225360.0,,Cash,Modern Trade,INV-769981-6099
4786,3081,115,2025-02-22,1731,20.0,34620.0,0.0,34620.0,,Credit,Modern Trade,INV-758940-3190
4800,3034,139,2025-02-10,1952,40.0,78080.0,0.0,78080.0,,Bank Transfer,Wholesale Distributor,INV-179543-8657
4867,3100,106,2025-02-24,27,55.0,1485.0,0.0,1485.0,,Cheque,General Trade,INV-145618-5171
4924,3214,160,2025-02-04,959,45.0,43155.0,0.0,43155.0,,UPI,Modern Trade,INV-459720-9459
4931,3160,112,2025-02-06,1919,205.0,393395.0,0.0,393395.0,,Credit,Modern Trade,INV-132057-1170
4939,3036,115,2025-02-21,395,20.0,7900.0,0.0,7900.0,,Bank Transfer,General Trade,INV-569696-6670
4941,3071,122,2025-02-18,1644,205.0,337020.0,0.0,337020.0,,UPI,E-commerce,INV-996162-3136
4967,3074,107,2025-02-16,600,120.0,72000.0,0.0,72000.0,,Credit,Wholesale Distributor,INV-928447-9403
5015,3256,149,2025-02-01,527,150.0,79050.0,0.0,79050.0,,Credit,Modern Trade,INV-826646-2336
5061,3400,141,2025-02-10,2683,80.8,254885.0,38105.31,216779.69,516.0,Bank Transfer,Wholesale Distributor,INV-272841-7567
5063,3419,104,2025-02-14,324,18.0,5832.0,0.0,5832.0,,Cheque,Modern Trade,INV-438014-2456
5078,3448,110,2025-02-12,492,280.0,137760.0,0.0,137760.0,,Cheque,E-commerce,INV-402574-0217
5081,3164,125,2025-02-21,1594,350.0,557900.0,0.0,557900.0,,Credit,Modern Trade,INV-673089-5125
5121,3374,155,2025-02-11,43,20.0,860.0,0.0,860.0,,Credit,General Trade,INV-224727-3190
5136,3195,111,2025-02-22,313,450.0,140850.0,0.0,140850.0,,Cash,Modern Trade,INV-849180-6418
5154,3006,103,2025-02-07,1472,12.0,17664.0,0.0,17664.0,,Cheque,Wholesale Distributor,INV-084814-2196
5200,3234,110,2025-02-16,1068,280.0,299040.0,0.0,299040.0,,Bank Transfer,Modern Trade,INV-914015-3735
5201,3308,109,2025-02-05,356,190.0,67640.0,0.0,67640.0,,Credit,Modern Trade,INV-200539-3133
5227,3423,153,2025-02-27,1600,25.0,40000.0,0.0,40000.0,,Bank Transfer,Modern Trade,INV-134825-0088
5270,3489,117,2025-02-24,687,140.0,96180.0,0.0,96180.0,,Cheque,Modern Trade,INV-803704-9268
5303,3454,134,2025-02-12,111,290.0,32190.0,0.0,32190.0,,Cash,General Trade,INV-573783-4361
5304,3378,158,2025-02-19,828,30.0,24840.0,0.0,24840.0,,UPI,E-commerce,INV-007012-9501
5330,3408,134,2025-02-21,1257,290.0,364530.0,0.0,364530.0,,Bank Transfer,Modern Trade,INV-384334-0984
5356,3381,145,2025-02-24,1833,250.0,458250.0,0.0,458250.0,,Cheque,Modern Trade,INV-303471-2228
5421,3293,104,2025-02-19,152,18.0,2736.0,0.0,2736.0,,Cash,General Trade,INV-203288-7079
5471,3226,124,2025-02-01,617,180.0,111060.0,0.0,111060.0,,Cash,Modern Trade,INV-327826-9348
5493,3038,160,2025-02-19,216,45.0,9720.0,0.0,9720.0,,Credit,E-commerce,INV-390219-7986
5503,3298,124,2025-02-02,1906,180.0,343080.0,0.0,343080.0,,UPI,Modern Trade,INV-724239-2698
5508,3164,109,2025-02-04,201,190.0,38190.0,0.0,38190.0,,Bank Transfer,Modern Trade,INV-565612-7101
5552,3244,110,2025-02-22,227,280.0,63560.0,0.0,63560.0,,Cash,Modern Trade,INV-059496-0156
5687,3341,114,2025-02-05,217,10.0,2170.0,0.0,2170.0,,Cheque,General Trade,INV-666832-3568
5715,3072,143,2025-02-17,2829,120.0,339480.0,0.0,339480.0,,Bank Transfer,Wholesale Distributor,INV-943468-2640
5730,3015,140,2025-02-26,2998,95.0,284810.0,0.0,284810.0,,Bank Transfer,Wholesale Distributor,INV-762424-2478
5756,3258,131,2025-02-11,72,170.0,12240.0,0.0,12240.0,,Credit,General Trade,INV-748570-4372
5762,3199,155,2025-02-23,2223,20.0,44460.0,0.0,44460.0,,Cash,Wholesale Distributor,INV-133403-1943
5804,3303,153,2025-02-10,301,25.0,7525.0,0.0,7525.0,,Bank Transfer,Modern Trade,INV-200362-7564
5814,3078,134,2025-02-02,155,290.0,44950.0,0.0,44950.0,,Bank Transfer,General Trade,INV-878257-0835
5820,3479,145,2025-02-28,698,250.0,174500.0,0.0,174500.0,,Cash,E-commerce,INV-945599-3778
5825,3130,149,2025-02-24,1641,150.0,246150.0,0.0,246150.0,,UPI,Modern Trade,INV-634759-6074
5847,3460,138,2025-02-18,152,120.0,18240.0,0.0,18240.0,,Cash,General Trade,INV-404397-7639
5861,3344,121,2025-02-08,50,160.0,8000.0,0.0,8000.0,,Cheque,General Trade,INV-275358-5637
5871,3324,162,2025-02-15,115,300.0,34500.0,0.0,34500.0,,Bank Transfer,General Trade,INV-007631-0914
5876,3042,160,2025-02-04,84,45.0,3780.0,0.0,3780.0,,Credit,General Trade,INV-808399-1945
5882,3204,111,2025-02-05,1528,450.0,687600.0,0.0,687600.0,,UPI,Modern Trade,INV-764260-3349
5885,3460,155,2025-02-18,119,20.0,2380.0,0.0,2380.0,,Bank Transfer,General Trade,INV-600366-7020
5888,3197,151,2025-02-14,1290,199.0,256710.0,0.0,256710.0,,UPI,E-commerce,INV-362981-3144
5956,3345,151,2025-02-10,2717,199.0,540683.0,0.0,540683.0,,UPI,Wholesale Distributor,INV-794941-9934
5994,3266,124,2025-02-21,1695,180.0,305100.0,0.0,305100.0,,Credit,Wholesale Distributor,INV-855051-6846
5999,3416,142,2025-02-24,1011,88.91,96045.0,6156.48,89888.52,504.0,Cheque,Modern Trade,INV-247274-3780
6008,3494,154,2025-02-20,20,100.0,2000.0,0.0,2000.0,,Credit,General Trade,INV-158568-1586
6043,3100,144,2025-02-17,148,95.94,18500.0,4301.25,14198.75,503.0,Cheque,General Trade,INV-312576-2533
6046,3175,135,2025-02-18,635,250.0,158750.0,0.0,158750.0,,Cheque,Modern Trade,INV-957726-6103
6055,3358,161,2025-02-01,2610,80.0,208800.0,0.0,208800.0,,Bank Transfer,Wholesale Distributor,INV-785299-6333
6061,3139,128,2025-02-06,1727,398.0,687346.0,0.0,687346.0,,Bank Transfer,Modern Trade,INV-634733-9946
6067,3386,137,2025-02-12,1341,95.0,127395.0,0.0,127395.0,,Credit,Modern Trade,INV-667521-1962
6072,3170,123,2025-02-03,1363,60.0,81780.0,0.0,81780.0,,Bank Transfer,Wholesale Distributor,INV-858558-0508
6075,3138,137,2025-02-06,1697,95.0,161215.0,0.0,161215.0,,Bank Transfer,Modern Trade,INV-528047-6987
6145,3352,133,2025-02-15,737,180.0,132660.0,0.0,132660.0,,UPI,Modern Trade,INV-150524-9760
6182,3367,147,2025-02-20,358,280.0,100240.0,0.0,100240.0,,Bank Transfer,E-commerce,INV-087909-0013
6194,3456,149,2025-02-06,1129,150.0,169350.0,0.0,169350.0,,UPI,Modern Trade,INV-136961-1479
6205,3160,162,2025-02-15,1136,300.0,340800.0,0.0,340800.0,,Credit,Modern Trade,INV-710189-7214
6237,3248,116,2025-02-24,55,75.0,4125.0,0.0,4125.0,,Cheque,General Trade,INV-132453-8540
6241,3145,154,2025-02-25,164,100.0,16400.0,0.0,16400.0,,Cash,General Trade,INV-319450-6043
6251,3216,139,2025-02-07,131,40.0,5240.0,0.0,5240.0,,Cash,General Trade,INV-440769-2665
6325,3414,156,2025-02-28,559,220.0,122980.0,0.0,122980.0,,Bank Transfer,Modern Trade,INV-908586-1528
6407,3337,117,2025-02-22,522,140.0,73080.0,0.0,73080.0,,Bank Transfer,Modern Trade,INV-315800-1910
6449,3123,113,2025-02-08,1040,210.0,218400.0,0.0,218400.0,,Bank Transfer,Modern Trade,INV-152601-1103
6475,3215,127,2025-02-07,1850,380.0,703000.0,0.0,703000.0,,Cheque,Modern Trade,INV-810095-4830
6507,3480,155,2025-02-28,1821,20.0,36420.0,0.0,36420.0,,UPI,Modern Trade,INV-548774-0101
6561,3187,154,2025-02-01,465,100.0,46500.0,0.0,46500.0,,Bank Transfer,Modern Trade,INV-494079-3007
6572,3038,161,2025-02-08,637,80.0,50960.0,0.0,50960.0,,Bank Transfer,E-commerce,INV-168219-4258
6651,3437,154,2025-02-18,104,100.0,10400.0,0.0,10400.0,,Cash,General Trade,INV-308096-4245
6654,3174,160,2025-02-22,2469,45.0,111105.0,0.0,111105.0,,Cash,Wholesale Distributor,INV-395170-0194
6667,3318,160,2025-02-04,290,45.0,13050.0,0.0,13050.0,,Credit,Wholesale Distributor,INV-743304-8725
6697,3216,161,2025-02-20,179,80.0,14320.0,0.0,14320.0,,UPI,General Trade,INV-728185-9392
6722,3427,127,2025-02-05,188,380.0,71440.0,0.0,71440.0,,Cheque,General Trade,INV-425355-4568
6730,3196,105,2025-02-05,919,35.0,32165.0,0.0,32165.0,,Bank Transfer,E-commerce,INV-966626-1061
6731,3464,140,2025-02-10,1919,95.0,182305.0,0.0,182305.0,,Cheque,E-commerce,INV-937735-2469
6756,3200,140,2025-02-26,12,95.0,1140.0,0.0,1140.0,,UPI,General Trade,INV-675726-8562
6795,3386,158,2025-02-17,1593,30.0,47790.0,0.0,47790.0,,Cheque,Modern Trade,INV-988437-1864
6857,3077,106,2025-02-09,1717,55.0,94435.0,0.0,94435.0,,Cheque,E-commerce,INV-372468-6067
6869,3327,119,2025-02-05,179,180.0,32220.0,0.0,32220.0,,Cash,General Trade,INV-505196-4765
6875,3230,122,2025-02-18,65,205.0,13325.0,0.0,13325.0,,Bank Transfer,General Trade,INV-098666-1519
6924,3349,133,2025-02-22,1560,180.0,280800.0,0.0,280800.0,,Credit,Modern Trade,INV-376097-2130
6954,3254,156,2025-02-07,1432,220.0,315040.0,0.0,315040.0,,Bank Transfer,Modern Trade,INV-815229-9339
6966,3093,144,2025-02-14,231,95.94,28875.0,6713.44,22161.56,503.0,Cheque,Modern Trade,INV-921804-4656
6982,3133,152,2025-02-09,1152,255.0,293760.0,0.0,293760.0,,Credit,Modern Trade,INV-612148-3196
6994,3253,153,2025-02-20,439,25.0,10975.0,0.0,10975.0,,Bank Transfer,General Trade,INV-484185-5433
7004,3312,147,2025-02-13,1454,280.0,407120.0,0.0,407120.0,,Bank Transfer,E-commerce,INV-746590-9871
7052,3447,131,2025-02-14,2871,170.0,488070.0,0.0,488070.0,,UPI,Wholesale Distributor,INV-090756-5666
7055,3011,105,2025-02-14,188,35.0,6580.0,0.0,6580.0,,Cheque,General Trade,INV-918499-2443
7076,3100,136,2025-02-10,152,40.0,6080.0,0.0,6080.0,,UPI,General Trade,INV-838055-5294
7100,3291,159,2025-02-08,1117,35.0,39095.0,0.0,39095.0,,Credit,Modern Trade,INV-511962-4290
7109,3268,125,2025-02-20,1163,350.0,407050.0,0.0,407050.0,,Cash,E-commerce,INV-392845-1937
7113,3486,126,2025-02-25,69,650.0,44850.0,0.0,44850.0,,Cash,General Trade,INV-324983-6773
7116,3357,147,2025-02-02,154,280.0,43120.0,0.0,43120.0,,Credit,General Trade,INV-525294-6770
7136,3028,148,2025-02-25,58,190.0,11020.0,0.0,11020.0,,Cheque,General Trade,INV-586727-8720
7138,3216,152,2025-02-13,152,255.0,38760.0,0.0,38760.0,,Cheque,General Trade,INV-908431-8545
7145,3259,125,2025-02-08,555,350.0,194250.0,0.0,194250.0,,Cheque,E-commerce,INV-155857-4821
7148,3470,131,2025-02-12,949,170.0,161330.0,0.0,161330.0,,Cash,Modern Trade,INV-903111-6934
7178,3226,141,2025-02-12,1631,80.8,154945.0,23164.28,131780.72,516.0,Cheque,Modern Trade,INV-530983-3946
7180,3119,109,2025-02-15,155,190.0,29450.0,0.0,29450.0,,UPI,General Trade,INV-863198-8428
7224,3141,124,2025-02-28,1247,180.0,224460.0,0.0,224460.0,,Cash,E-commerce,INV-339749-7030
7247,3131,155,2025-02-05,1205,20.0,24100.0,0.0,24100.0,,Credit,Wholesale Distributor,INV-615768-3341
7249,3459,125,2025-02-19,120,350.0,42000.0,0.0,42000.0,,Bank Transfer,General Trade,INV-907248-6330
7254,3139,120,2025-02-19,1226,20.0,24520.0,0.0,24520.0,,Cheque,Modern Trade,INV-430663-0699
7319,3304,157,2025-02-26,1575,30.0,47250.0,0.0,47250.0,,Cheque,Modern Trade,INV-228726-8870
7323,3260,136,2025-02-04,172,40.0,6880.0,0.0,6880.0,,Credit,General Trade,INV-062338-8057
7331,3075,135,2025-02-19,389,250.0,97250.0,0.0,97250.0,,Credit,Modern Trade,INV-955077-1260
7332,3309,108,2025-02-26,1248,160.0,199680.0,0.0,199680.0,,Cheque,Modern Trade,INV-217921-1854
7342,3465,129,2025-02-10,2832,50.0,141600.0,0.0,141600.0,,Bank Transfer,Wholesale Distributor,INV-486111-2950
7349,3085,126,2025-02-01,1372,650.0,891800.0,0.0,891800.0,,Bank Transfer,Modern Trade,INV-155991-6624
7350,3388,131,2025-02-15,907,170.0,154190.0,0.0,154190.0,,Bank Transfer,E-commerce,INV-074024-6331
7354,3010,156,2025-02-27,675,220.0,148500.0,0.0,148500.0,,Cheque,Modern Trade,INV-950716-6512
7393,3430,143,2025-02-14,1349,120.0,161880.0,0.0,161880.0,,UPI,Modern Trade,INV-266158-1070
7395,3188,133,2025-02-10,2405,180.0,432900.0,0.0,432900.0,,Credit,Wholesale Distributor,INV-553268-9074
7421,3361,134,2025-02-16,25,290.0,7250.0,0.0,7250.0,,Cheque,General Trade,INV-514463-8054
7444,3307,114,2025-02-11,850,10.0,8500.0,0.0,8500.0,,Credit,Wholesale Distributor,INV-436668-4114
7459,3000,119,2025-02-25,1760,180.0,316800.0,0.0,316800.0,,Cheque,Wholesale Distributor,INV-014289-9750
7467,3401,126,2025-02-15,1040,650.0,676000.0,0.0,676000.0,,Cheque,Modern Trade,INV-852482-6036
7516,3093,156,2025-02-13,564,220.0,124080.0,0.0,124080.0,,Bank Transfer,Modern Trade,INV-981294-8359
7540,3483,120,2025-02-11,122,20.0,2440.0,0.0,2440.0,,Cash,Modern Trade,INV-163753-0939
7543,3361,127,2025-02-12,86,380.0,32680.0,0.0,32680.0,,Credit,General Trade,INV-579092-0388
7561,3386,116,2025-02-25,1934,75.0,145050.0,0.0,145050.0,,Cash,Modern Trade,INV-290005-0709
7614,3027,145,2025-02-24,746,250.0,186500.0,0.0,186500.0,,Cheque,Modern Trade,INV-934285-8595
7628,3050,104,2025-02-24,965,18.0,17370.0,0.0,17370.0,,UPI,Modern Trade,INV-303109-0194
7700,3468,121,2025-02-03,18,160.0,2880.0,0.0,2880.0,,Cash,General Trade,INV-206627-0486
7754,3420,116,2025-02-27,775,75.0,58125.0,0.0,58125.0,,Cheque,Modern Trade,INV-726166-7061
7770,3129,136,2025-02-03,571,40.0,22840.0,0.0,22840.0,,Bank Transfer,E-commerce,INV-856177-1113
7780,3352,154,2025-02-09,1835,100.0,183500.0,0.0,183500.0,,Cheque,Modern Trade,INV-361784-8444
7908,3128,135,2025-02-09,125,250.0,31250.0,0.0,31250.0,,Cash,General Trade,INV-520016-0456
7934,3261,151,2025-02-27,483,199.0,96117.0,0.0,96117.0,,Cheque,Modern Trade,INV-390599-8307
7939,3032,113,2025-02-13,379,210.0,79590.0,0.0,79590.0,,UPI,Wholesale Distributor,INV-828203-1280
7992,3307,105,2025-02-08,999,35.0,34965.0,0.0,34965.0,,Credit,Wholesale Distributor,INV-488036-2408
7995,3297,122,2025-02-02,976,205.0,200080.0,0.0,200080.0,,Cash,Modern Trade,INV-758832-6287
8018,3134,107,2025-02-15,835,120.0,100200.0,0.0,100200.0,,Cash,Modern Trade,INV-212590-9353
8030,3232,102,2025-02-08,643,8.0,5144.0,0.0,5144.0,,Bank Transfer,Modern Trade,INV-175408-3247
8033,3255,130,2025-02-21,156,90.0,14040.0,0.0,14040.0,,Cheque,Modern Trade,INV-149971-2802
8035,3460,158,2025-02-01,382,30.0,11460.0,0.0,11460.0,,Cheque,General Trade,INV-013304-6952
8039,3289,142,2025-02-20,1176,88.91,111720.0,7161.25,104558.75,504.0,UPI,E-commerce,INV-908872-2718
8109,3160,134,2025-02-13,536,290.0,155440.0,0.0,155440.0,,Cash,Modern Trade,INV-537784-0642
8147,3459,129,2025-02-01,91,50.0,4550.0,0.0,4550.0,,Bank Transfer,General Trade,INV-574708-1046
8148,3221,137,2025-02-14,672,95.0,63840.0,0.0,63840.0,,UPI,Modern Trade,INV-987402-1431
8172,3045,146,2025-02-08,764,260.0,198640.0,0.0,198640.0,,Credit,Modern Trade,INV-368977-8534
8211,3190,118,2025-02-13,263,195.0,51285.0,0.0,51285.0,,Credit,Wholesale Distributor,INV-519852-1419
8231,3444,118,2025-02-09,783,195.0,152685.0,0.0,152685.0,,Bank Transfer,Modern Trade,INV-158131-9335
8237,3442,162,2025-02-15,198,300.0,59400.0,0.0,59400.0,,Cheque,Modern Trade,INV-277267-3091
8240,3413,105,2025-02-14,133,35.0,4655.0,0.0,4655.0,,Cash,General Trade,INV-008294-7846
8266,3179,103,2025-02-23,1264,12.0,15168.0,0.0,15168.0,,Bank Transfer,Wholesale Distributor,INV-264108-1748
8293,3139,115,2025-02-07,1901,20.0,38020.0,0.0,38020.0,,Cash,Modern Trade,INV-131724-5043
8299,3471,152,2025-02-10,1907,255.0,486285.0,0.0,486285.0,,UPI,Modern Trade,INV-845424-9815
8320,3030,114,2025-02-28,582,10.0,5820.0,0.0,5820.0,,Bank Transfer,Wholesale Distributor,INV-272437-1108
8360,3335,155,2025-02-18,69,20.0,1380.0,0.0,1380.0,,UPI,General Trade,INV-585614-5281
8379,3456,119,2025-02-23,235,180.0,42300.0,0.0,42300.0,,Cash,Modern Trade,INV-704486-0233
8400,3452,108,2025-02-12,1094,160.0,175040.0,0.0,175040.0,,Bank Transfer,Modern Trade,INV-402180-9551
8411,3369,158,2025-02-28,693,30.0,20790.0,0.0,20790.0,,Cash,Modern Trade,INV-390153-8464
8419,3248,125,2025-02-28,43,350.0,15050.0,0.0,15050.0,,UPI,General Trade,INV-909873-2769
8472,3269,105,2025-02-04,1284,35.0,44940.0,0.0,44940.0,,Cheque,E-commerce,INV-634251-3734
8483,3479,113,2025-02-15,286,210.0,60060.0,0.0,60060.0,,UPI,E-commerce,INV-710789-3337
8538,3029,154,2025-02-19,1309,100.0,130900.0,0.0,130900.0,,Cheque,E-commerce,INV-057120-9829
8553,3420,105,2025-02-25,691,35.0,24185.0,0.0,24185.0,,Credit,Modern Trade,INV-884824-0747
8576,3412,137,2025-02-13,1986,95.0,188670.0,0.0,188670.0,,Bank Transfer,Modern Trade,INV-437705-3677
8595,3350,113,2025-02-01,103,210.0,21630.0,0.0,21630.0,,Cheque,E-commerce,INV-184230-4621
8614,3258,133,2025-02-06,17,180.0,3060.0,0.0,3060.0,,UPI,General Trade,INV-356047-5533
8637,3233,134,2025-02-05,163,290.0,47270.0,0.0,47270.0,,Credit,General Trade,INV-093249-3476
8641,3094,158,2025-02-21,1983,30.0,59490.0,0.0,59490.0,,UPI,Modern Trade,INV-791038-1433
8655,3032,122,2025-02-24,765,205.0,156825.0,0.0,156825.0,,Cheque,Wholesale Distributor,INV-931440-8402
8660,3378,130,2025-02-25,741,90.0,66690.0,0.0,66690.0,,UPI,E-commerce,INV-960381-3537
8663,3397,137,2025-02-23,1695,95.0,161025.0,0.0,161025.0,,Cash,E-commerce,INV-940574-7386
8710,3194,131,2025-02-06,2773,170.0,471410.0,0.0,471410.0,,Cash,Wholesale Distributor,INV-486199-6865
8789,3293,158,2025-02-18,206,30.0,6180.0,0.0,6180.0,,Cash,General Trade,INV-079736-5832
8824,3039,142,2025-02-23,184,88.91,17480.0,1120.47,16359.53,504.0,Credit,General Trade,INV-565620-9337
8835,3375,160,2025-02-12,223,45.0,10035.0,0.0,10035.0,,Bank Transfer,E-commerce,INV-723695-4173
8866,3186,103,2025-02-17,2622,12.0,31464.0,0.0,31464.0,,Bank Transfer,Wholesale Distributor,INV-197638-8311
8952,3304,113,2025-02-25,911,210.0,191310.0,0.0,191310.0,,Cheque,Modern Trade,INV-986625-6565
8955,3323,123,2025-02-23,1296,60.0,77760.0,0.0,77760.0,,Cheque,E-commerce,INV-155336-5587
8988,3492,143,2025-02-22,1969,120.0,236280.0,0.0,236280.0,,Credit,Modern Trade,INV-191742-3470
9014,3067,106,2025-02-11,667,55.0,36685.0,0.0,36685.0,,Cheque,Modern Trade,INV-881019-6409
9040,3135,106,2025-02-03,374,55.0,20570.0,0.0,20570.0,,Credit,Modern Trade,INV-632941-5004
9071,3060,130,2025-02-12,1853,90.0,166770.0,0.0,166770.0,,Credit,Modern Trade,INV-849074-2391
9109,3075,141,2025-02-28,68,80.8,6460.0,965.77,5494.23,516.0,Credit,Modern Trade,INV-764050-0451
9131,3176,104,2025-02-07,444,18.0,7992.0,0.0,7992.0,,Bank Transfer,General Trade,INV-733838-9657
9163,3023,152,2025-02-24,1255,255.0,320025.0,0.0,320025.0,,Bank Transfer,Modern Trade,INV-968578-8574
9208,3450,151,2025-02-05,147,199.0,29253.0,0.0,29253.0,,Bank Transfer,General Trade,INV-821780-5193
9242,3035,105,2025-02-07,74,35.0,2590.0,0.0,2590.0,,Cash,General Trade,INV-064008-3565
9248,3135,141,2025-02-14,867,80.8,82365.0,12313.57,70051.43,516.0,Bank Transfer,Modern Trade,INV-660438-6751
9290,3045,116,2025-02-27,145,75.0,10875.0,0.0,10875.0,,Credit,Modern Trade,INV-136486-6528
9347,3410,110,2025-02-05,590,280.0,165200.0,0.0,165200.0,,Credit,Modern Trade,INV-330352-2098
9352,3493,102,2025-02-10,775,8.0,6200.0,0.0,6200.0,,Credit,Modern Trade,INV-853077-0610
9406,3480,136,2025-02-01,1628,40.0,65120.0,0.0,65120.0,,Cheque,Modern Trade,INV-678750-0452
9410,3430,138,2025-02-15,336,120.0,40320.0,0.0,40320.0,,Cash,Modern Trade,INV-461500-1566
9424,3088,141,2025-02-15,2619,80.8,248805.0,37196.35,211608.65,516.0,Credit,Wholesale Distributor,INV-699363-4345
9436,3282,111,2025-02-04,123,450.0,55350.0,0.0,55350.0,,Bank Transfer,General Trade,INV-887623-5051
9498,3075,113,2025-02-18,767,210.0,161070.0,0.0,161070.0,,Cheque,Modern Trade,INV-925004-9992
9554,3316,157,2025-02-07,921,30.0,27630.0,0.0,27630.0,,Cheque,Modern Trade,INV-164886-7501
9555,3268,159,2025-02-10,567,35.0,19845.0,0.0,19845.0,,Credit,E-commerce,INV-047937-9210
9595,3268,123,2025-02-01,1396,60.0,83760.0,0.0,83760.0,,Bank Transfer,E-commerce,INV-865757-3658
9599,3028,149,2025-02-13,140,150.0,21000.0,0.0,21000.0,,Credit,General Trade,INV-172899-4557
9609,3234,119,2025-02-04,594,180.0,106920.0,0.0,106920.0,,Cash,Modern Trade,INV-077936-4023
9610,3389,118,2025-02-08,1926,195.0,375570.0,0.0,375570.0,,Bank Transfer,Modern Trade,INV-157760-7528
9639,3469,149,2025-02-17,1671,150.0,250650.0,0.0,250650.0,,Cash,Modern Trade,INV-610541-3424
9663,3351,126,2025-02-07,1134,650.0,737100.0,0.0,737100.0,,UPI,Modern Trade,INV-272556-7672
9664,3480,146,2025-02-10,1312,260.0,341120.0,0.0,341120.0,,UPI,Modern Trade,INV-494894-5309
9665,3402,128,2025-02-13,158,398.0,62884.0,0.0,62884.0,,Bank Transfer,General Trade,INV-769898-1709
9670,3422,145,2025-02-26,2150,250.0,537500.0,0.0,537500.0,,UPI,Wholesale Distributor,INV-010745-6733
9682,3229,147,2025-02-20,2073,280.0,580440.0,0.0,580440.0,,Credit,Wholesale Distributor,INV-386569-7805
9710,3017,117,2025-02-27,1836,140.0,257040.0,0.0,257040.0,,Credit,Modern Trade,INV-958808-0632
9741,3276,140,2025-02-15,580,95.0,55100.0,0.0,55100.0,,Credit,Modern Trade,INV-432951-8543
9758,3176,110,2025-02-17,148,280.0,41440.0,0.0,41440.0,,Credit,General Trade,INV-859893-8429
9916,3438,145,2025-02-05,196,250.0,49000.0,0.0,49000.0,,Bank Transfer,General Trade,INV-509067-3962
9922,3180,119,2025-02-23,1010,180.0,181800.0,0.0,181800.0,,Credit,Wholesale Distributor,INV-222022-5571
9930,3442,140,2025-02-14,1942,95.0,184490.0,0.0,184490.0,,UPI,Modern Trade,INV-877301-6500
9943,3038,145,2025-02-28,1354,250.0,338500.0,0.0,338500.0,,Cheque,E-commerce,INV-656088-8683
9984,3106,101,2025-02-23,1862,5.0,9310.0,0.0,9310.0,,UPI,E-commerce,INV-926072-0555
9988,3185,145,2025-02-27,1261,250.0,315250.0,0.0,315250.0,,Credit,Modern Trade,INV-430833-4699
10018,3413,137,2025-02-25,147,95.0,13965.0,0.0,13965.0,,Cash,General Trade,INV-454927-3153
10022,3217,158,2025-02-26,287,30.0,8610.0,0.0,8610.0,,Cheque,General Trade,INV-559830-8151
10025,3068,109,2025-02-08,40,190.0,7600.0,0.0,7600.0,,Credit,General Trade,INV-141837-3389
10026,3154,131,2025-02-07,78,170.0,13260.0,0.0,13260.0,,Credit,Modern Trade,INV-086190-2853
10027,3226,152,2025-02-04,1908,255.0,486540.0,0.0,486540.0,,Cheque,Modern Trade,INV-028450-6974
10031,3463,127,2025-02-27,377,380.0,143260.0,0.0,143260.0,,UPI,Modern Trade,INV-994424-1095
10057,3026,140,2025-02-25,995,95.0,94525.0,0.0,94525.0,,Bank Transfer,Modern Trade,INV-071452-6337
10114,3027,149,2025-02-25,1330,150.0,199500.0,0.0,199500.0,,Cheque,Modern Trade,INV-910897-9752
10158,3055,134,2025-02-10,2999,290.0,869710.0,0.0,869710.0,,Cheque,Wholesale Distributor,INV-429376-2232
10218,3461,161,2025-02-15,65,80.0,5200.0,0.0,5200.0,,Bank Transfer,General Trade,INV-417537-0112
10272,3068,104,2025-02-18,319,18.0,5742.0,0.0,5742.0,,Cheque,General Trade,INV-377003-9020
10306,3447,161,2025-02-24,2207,80.0,176560.0,0.0,176560.0,,Bank Transfer,Wholesale Distributor,INV-648391-2178
10314,3093,140,2025-02-08,604,95.0,57380.0,0.0,57380.0,,Bank Transfer,Modern Trade,INV-847717-0691
10334,3138,101,2025-02-22,1707,5.0,8535.0,0.0,8535.0,,Credit,Modern Trade,INV-180567-1304
10400,3465,128,2025-02-25,745,398.0,296510.0,0.0,296510.0,,Cheque,Wholesale Distributor,INV-077550-1123
10407,3341,127,2025-02-17,134,380.0,50920.0,0.0,50920.0,,UPI,General Trade,INV-768253-9178
10414,3464,139,2025-02-01,1994,40.0,79760.0,0.0,79760.0,,Credit,E-commerce,INV-937801-4545
10421,3258,106,2025-02-10,130,55.0,7150.0,0.0,7150.0,,Credit,General Trade,INV-643485-4052
10428,3451,112,2025-02-11,1387,205.0,284335.0,0.0,284335.0,,Cheque,E-commerce,INV-807988-4332
10433,3391,149,2025-02-12,1900,150.0,285000.0,0.0,285000.0,,UPI,Modern Trade,INV-557123-0043
10438,3444,160,2025-02-03,875,45.0,39375.0,0.0,39375.0,,UPI,Modern Trade,INV-848998-8322
10441,3271,109,2025-02-17,657,190.0,124830.0,0.0,124830.0,,Credit,Modern Trade,INV-715260-1665
10464,3256,108,2025-02-10,825,160.0,132000.0,0.0,132000.0,,Cash,Modern Trade,INV-412023-9777
10502,3341,148,2025-02-25,164,190.0,31160.0,0.0,31160.0,,Credit,General Trade,INV-241122-6266
10535,3086,113,2025-02-07,189,210.0,39690.0,0.0,39690.0,,Credit,General Trade,INV-286223-6470
10584,3332,117,2025-02-12,1054,140.0,147560.0,0.0,147560.0,,Cash,E-commerce,INV-415253-4846
10612,3210,112,2025-02-07,2854,205.0,585070.0,0.0,585070.0,,Credit,Wholesale Distributor,INV-263265-9923
10669,3170,159,2025-02-19,927,35.0,32445.0,0.0,32445.0,,Bank Transfer,Wholesale Distributor,INV-818642-9336
10701,3104,130,2025-02-22,1423,90.0,128070.0,0.0,128070.0,,Credit,Modern Trade,INV-855226-0832
10742,3064,121,2025-02-21,14,160.0,2240.0,0.0,2240.0,,Cash,General Trade,INV-186062-0193
10818,3253,105,2025-02-15,148,35.0,5180.0,0.0,5180.0,,Bank Transfer,General Trade,INV-741778-6531
10852,3413,133,2025-02-17,137,180.0,24660.0,0.0,24660.0,,Bank Transfer,General Trade,INV-428965-1093
10900,3155,125,2025-02-01,678,350.0,237300.0,0.0,237300.0,,Credit,Modern Trade,INV-942870-2091
10932,3073,147,2025-02-11,413,280.0,115640.0,0.0,115640.0,,Credit,Modern Trade,INV-271823-2021
